0,CombatZoneResize,280.25,267.25,362.75,349.75,TLResume,,,
0,HeartMode,0,,,,,,,
0,TLPause,,,,,,,,
0,HeartTeleport,320,308.5,,,,,,

0.5,BlackScreen,1,,,,,,,
0,BlackScreen,0,,,,,,,
0,sound,Slam,,,,,,,

0,bonev,316.25,267.25,73,3,0,0,,
0,boneh,280.25,305,73,2,0,0,,
0.15,bonev,316.25,349.75,73,3,0,0,,
0,boneh,362.75,305,73,2,0,0,,

0.4,bonev,316.25,267.25,73,3,220,0,,
0.4,boneh,280.25,305,73,2,220,0,,
0.4,bonev,316.25,349.75,73,3,220,0,,
0.4,boneh,362.75,305,73,2,220,0,,

0.8,HeartTeleport,320,330,,,,,,

0.3,BlackScreen,1,,,,,,,
0,BlackScreen,0,,,,,,,
0,sound,Slam,,,,,,,

0,bone,320,308.5,55,3,0,170,0,90
0,bone,320,308.5,55,2,0,170,0,270
0.2,bone,320,308.5,45,3,0,190,0,45
0,bone,320,308.5,45,2,0,190,0,225

1.2,HeartTeleport,300,308.5,,,,,,

0,bonev,280.25,267.25,60,3,180,0,,
0,bonev,362.75,267.25,60,3,180,0,,
0,boneh,280.25,267.25,60,2,180,0,,
0,boneh,280.25,349.75,60,2,180,0,,

0.5,bonev,316.25,267.25,73,3,120,0,,
0,boneh,280.25,305,73,2,120,0,,
0.5,bonev,316.25,349.75,73,3,120,0,,
0,boneh,362.75,305,73,2,120,0,,

0.7,BlackScreen,1,,,,,,,
0,BlackScreen,0,,,,,,,
0,sound,Slam,,,,,,,

0,bone,320,308.5,73,3,0,210,0,0
0,bone,320,308.5,73,2,0,210,0,90
0,bone,320,308.5,73,3,0,210,0,180
0,bone,320,308.5,73,2,0,210,0,270

1.5,HeartTeleport,340,308.5,,,,,,

0,bonev,316.25,272.25,73,3,0,0,,
0,boneh,285.25,305,73,2,0,0,,
0,sound,Slam,,,,,,,

0.15,bonev,316.25,349.75,73,3,200,0,,
0.15,boneh,362.75,305,73,2,200,0,,

2,EndAttack,,,,,,,,
